id	,arge,
0	0.025197
1	0.026658
2	0.024235
3	0.014459
4	0.035574
5	0.041331
6	0.016688
8	0.032340
10	0.047226
11	0.052472
12	0.033074
